Strategy,Count,TotalPnL,AvgPnL,AvgROI,WinRate,Sharpe,Sortino
ML Condor,24,0.3765639034351224,0.015690162643130102,0.04823120216017571,0.6666666666666666,1.8031707386747906,4.338040841370945
Fixed Delta Condor,16,0.7129999999999937,0.04456249999999961,0.025841562154871052,0.75,3.6353385411127763,5.174155577560067
Sigma Condor,52,1.7764999999999855,0.03416346153846126,0.08849403054013225,0.6923076923076923,1.9804592770944425,3.9653628846108706
