Metric,Value
count,24.0
avg_pnl_per_condor,0.015690162643130102
min_pnl_per_condor,-0.25176487523317437
max_pnl_per_condor,0.20672083079814907
win_rate,0.6666666666666666
avg_credit,0.07860361390929514
avg_max_loss,1.7130630527573718
avg_return_on_risk,0.04823120216017571
