Strategy,Count,TotalPnL,AvgPnL,AvgROI,WinRate,Sharpe,Sortino
ML Condor,112,15.534760234473655,0.13870321637922906,0.05820642095949747,0.7142857142857143,3.064525631447274,4.321892914457508
Fixed Delta Condor,103,13.43750000000005,0.13046116504854416,0.04403371167236364,0.8155339805825242,2.8937740579205955,3.3934235224613585
Sigma Condor,120,17.569900000000025,0.14641583333333355,0.08189128346739866,0.7083333333333334,3.5633999256035778,4.721966262684462
