Metric,Value
count,368.0
missing,20.0
total_pnl,3.305199999999871
avg_pnl,0.008981521739130085
min_pnl,-6.3
max_pnl,2.87
win_rate,0.7853260869565217
avg_bid_ask_spread_rel,0.16403068335649487
total_roi,0.0015955356668741788
annualized_roi_simple,0.0010653919603762227
annualized_roi_cagr,0.0010651097548699529
avg_return,-0.0007084342033755506
volatility,0.27861628793432436
sharpe,-0.04036391561197635
sortino,-0.044330984233727645
duration_days,547.0
duration_years,1.4976043805612593
