Metric,Value
count,356.0
missing,20.0
total_pnl,-11.624800000000134
avg_pnl,-0.03265393258427004
min_pnl,-11.690000000000005
max_pnl,3.0
win_rate,0.7724719101123596
avg_bid_ask_spread_rel,0.181270059485074
total_roi,-0.005235594548582712
annualized_roi_simple,-0.0034959797237108514
annualized_roi_cagr,-0.0034990276445866497
avg_return,-0.008446751146132216
volatility,0.27464832102946934
sharpe,-0.4882171389655298
sortino,-0.5309999933995639
duration_days,547.0
duration_years,1.4976043805612593
