Strategy,Count,TotalPnL,AvgPnL,AvgROI,WinRate,Sharpe,Sortino
ML Condor,86,0.649703045580571,0.007554686576518268,-0.004882035748676134,0.6976744186046512,-0.2865971859610317,-0.3235964054396183
Fixed Delta Condor,73,-2.2708000000000013,-0.031106849315068512,-0.017880265215762737,0.7808219178082192,-0.9281439455185609,-1.0018348470892355
Sigma Condor,98,-3.413999999999996,-0.03483673469387751,0.0009844531199088829,0.6530612244897959,0.03559792327573236,0.04262764013832417
