Strategy,Count,TotalPnL,AvgPnL,AvgROI,WinRate,Sharpe,Sortino
ML Condor,125,31.212437422771767,0.24969949938217414,0.0406005683042596,0.712,1.4995754411362932,1.9360606639287696
Fixed Delta Condor,124,19.023799999999966,0.1534177419354836,0.027834336453418703,0.8064516129032258,1.370359389857151,1.5546045757401703
Sigma Condor,125,18.061900000000033,0.14449520000000027,0.029374632493534607,0.728,0.7079863590650474,0.7779044516802562
