Strategy,Count,TotalPnL,AvgPnL,AvgROI,WinRate,Sharpe,Sortino
ML Condor,123,458.97824467834465,3.7315304445393873,0.07062259699429552,0.7317073170731707,2.2571718190290424,2.9870752244550993
Fixed Delta Condor,123,251.11150000000083,2.0415569105691125,0.033970815599806414,0.8211382113821138,1.703544218673233,1.9554744096449077
Sigma Condor,123,438.4534999999989,3.564662601626007,0.0811955280702191,0.7642276422764228,2.622415624354193,3.732368322664866
