Strategy,Count,TotalPnL,AvgPnL,AvgROI,WinRate,Sharpe,Sortino
ML Condor,22,-0.29343193650245963,-0.013337815295566347,-0.07590712274141516,0.5909090909090909,-2.6362997927105236,-3.3866720286039147
Fixed Delta Condor,16,0.6749999999999937,0.04218749999999961,0.0244379809903041,0.75,3.4453071203608925,4.871497102445858
Sigma Condor,52,1.5574999999999857,0.0299519230769228,0.07817217343105745,0.6923076923076923,1.791240465917195,3.48362283587129
