Metric,Value
count,22.0
avg_pnl_per_condor,-0.01333781529556635
min_pnl_per_condor,-0.30138763576746114
max_pnl_per_condor,0.12606147170066834
win_rate,0.5909090909090909
avg_credit,0.04264528291977264
avg_max_loss,1.5937183534438637
avg_return_on_risk,-0.07590712274141519
