Strategy,Count,TotalPnL,AvgPnL,AvgROI,WinRate,Sharpe,Sortino
ML Condor,123,443.699438331067,3.607312506756642,0.06662197056631516,0.7235772357723578,2.13657248583942,2.841059364518584
Fixed Delta Condor,123,234.73000000000056,1.908373983739842,0.032203977828297634,0.8211382113821138,1.6318607354825718,1.8705476887086951
Sigma Condor,123,411.5924999999989,3.346280487804869,0.07576500047690898,0.7642276422764228,2.466608476550034,3.4779546311132616
