Metric,Value
count,62.0
avg_pnl_per_condor,2.959637096774176
min_pnl_per_condor,-54.6075
max_pnl_per_condor,82.73499999999999
win_rate,0.6612903225806451
avg_credit,23.5370564516129
avg_max_loss,44.3661693548387
avg_return_on_risk,0.028905347877359024
