Metric,Value
count,370.0
missing,10.0
total_pnl,31.665199999999857
avg_pnl,0.08558162162162124
min_pnl,-24.549999999999976
max_pnl,4.07
win_rate,0.8
avg_bid_ask_spread_rel,0.18315148208984303
total_roi,0.002638766666666655
annualized_roi_simple,0.0017619918190127893
annualized_roi_cagr,0.0017612202877441696
avg_return,7.131801801801771e-6
volatility,0.0001843155551645643
sharpe,0.6142392252413922
sortino,0.6650039758764279
duration_days,547.0
duration_years,1.4976043805612593
