Strategy,Count,TotalPnL,AvgPnL,AvgROI,WinRate,Sharpe,Sortino
ML Condor,85,3.225263434675593,0.0379442757020658,-0.0018005910115332154,0.7176470588235294,-0.11990454714809354,-0.1348884853494019
Fixed Delta Condor,73,-1.8207999999999986,-0.02494246575342464,-0.016003662021161595,0.7808219178082192,-0.8288857853594666,-0.897223626295951
Sigma Condor,98,-2.205999999999995,-0.022510204081632602,0.0075789459615873194,0.6632653061224489,0.2721689047934526,0.3288595806278687
