Metric,Value
count,91.0
avg_pnl_per_condor,0.0379442757020658
min_pnl_per_condor,-1.9538343295454974
max_pnl_per_condor,0.7326820957660674
win_rate,0.7176470588235294
avg_credit,0.3101413897170409
avg_max_loss,3.437111357535707
avg_return_on_risk,-0.0018005910115332193
