Strategy,Count,TotalPnL,AvgPnL,AvgROI,WinRate,Sharpe,Sortino
ML Condor,123,26.934155443087167,0.21897687352103387,0.03711367231065423,0.7235772357723578,1.307710251425484,1.6599068868283506
Fixed Delta Condor,123,17.902500000000153,0.14554878048780612,0.025899826726517285,0.8130081300813008,1.3594512880987681,1.5588221394862565
Sigma Condor,123,23.697900000000125,0.1926658536585376,0.05010151708332953,0.7154471544715447,1.762876023895644,2.157486861834413
