Metric,Value
count,62.0
avg_pnl_per_condor,0.016733870967743217
min_pnl_per_condor,-7.3049999999999775
max_pnl_per_condor,5.695
win_rate,0.6451612903225806
avg_credit,1.9980241935483876
avg_max_loss,4.542298387096774
avg_return_on_risk,-0.01910359353437168
