Strategy,Count,TotalPnL,AvgPnL,AvgROI,WinRate,Sharpe,Sortino
ML Condor,113,17.235619983330377,0.15252761047195024,0.05931697955645272,0.7079646017699115,3.118785868183748,4.380278590038228
Fixed Delta Condor,103,13.65350000000005,0.13255825242718497,0.04689742349838699,0.8155339805825242,3.0734941558695836,3.6196782424350658
Sigma Condor,120,19.131900000000027,0.15943250000000023,0.08916955819451192,0.7166666666666667,3.859704655215454,5.167020699674593
