Metric,Value
count,113.0
avg_pnl_per_condor,0.15252761047195026
min_pnl_per_condor,-2.1803226731717587
max_pnl_per_condor,2.507392539232969
win_rate,0.7079646017699115
avg_credit,0.565437889584266
avg_max_loss,3.2177479511236986
avg_return_on_risk,0.05931697955645272
