Strategy,Count,TotalPnL,AvgPnL,AvgROI,WinRate,Sharpe,Sortino
ML Condor,123,40.423216159907014,0.3286440338203822,0.059985728257192276,0.7398373983739838,2.0862251885900154,2.7567255887022655
Fixed Delta Condor,123,21.543000000000198,0.17514634146341623,0.031475162295508986,0.8211382113821138,1.6584854641802815,1.9182565862598067
Sigma Condor,123,29.21290000000012,0.2375032520325213,0.05991440422851906,0.7154471544715447,2.091192011106561,2.5863954297934044
