Strategy,Count,TotalPnL,AvgPnL,AvgROI,WinRate,Sharpe,Sortino
ML Condor,125,23.91488953188956,0.1913191162551165,0.03162398946156373,0.696,1.1664924204358809,1.5186370865854406
Fixed Delta Condor,124,15.670799999999973,0.12637741935483848,0.022768820078488166,0.8064516129032258,1.1223055302689735,1.2649367590445413
Sigma Condor,125,10.892900000000063,0.0871432000000005,-0.2886510465352566,0.728,-1.2339391333042027,-1.2381824264390566
