Strategy,TotalPnL,AvgPnL,WinRate,Sharpe,Sortino,Count
ML Condor,428.3631336278899,3.482627102665772,0.7154471544715447,2.075136258655522,2.766327863557837,123
Fixed Delta Condor,234.73000000000056,1.908373983739842,0.8211382113821138,1.6318607354825718,1.8705476887086951,123
Sigma Condor,411.5924999999989,3.346280487804869,0.7642276422764228,2.466608476550034,3.4779546311132616,123
