Strategy,TotalPnL,AvgPnL,WinRate,Sharpe,Sortino,Count
ML Condor,16.790239442504078,0.0739658125220444,0.7004405286343612,0.4360168055702511,0.5132864625012502,227
Fixed Delta Condor,-2.972399999999774,-0.013094273127752307,0.775330396475771,-0.190671046625175,-0.21469579160210073,227
Sigma Condor,14.828000000000465,0.06532158590308575,0.6784140969162996,0.4900763250485424,0.5890416391183181,227
