Strategy,TotalPnL,AvgPnL,WinRate,Sharpe,Sortino,Count
ML Condor,450.27192268744085,3.6607473389222833,0.7154471544715447,2.1116179235099,2.806798123117482,123
Fixed Delta Condor,234.73000000000056,1.908373983739842,0.8211382113821138,1.6318607354825718,1.8705476887086951,123
Sigma Condor,411.5924999999989,3.346280487804869,0.7642276422764228,2.466608476550034,3.4779546311132616,123
