Strategy,TotalPnL,AvgPnL,WinRate,Sharpe,Sortino,Count
ML Condor Score,-8.72999999999998,-0.19840909090909048,0.6590909090909091,-1.6680819696497178,-1.8691715719431286,44
Fixed Delta Condor,-0.37500000000007483,-0.00872093023255988,0.7674418604651163,-0.3628525475329618,-0.40411570165714666,43
Sigma Condor,-9.114999999999968,-0.20715909090909018,0.6136363636363636,-1.4616516034083749,-1.6919766864512331,44
