Strategy,TotalPnL,AvgPnL,WinRate,Sharpe,Sortino,Count
ML Condor,21.380016134793202,0.0946018413043947,0.6415929203539823,0.6112169615941468,0.7752564092381415,226
Fixed Delta Condor,-1.6197999999999046,-0.007329411764705451,0.7828054298642534,-0.06388917781293219,-0.0699594702108605,221
Sigma Condor,14.828000000000465,0.06532158590308575,0.6784140969162996,0.4900763250485424,0.5890416391183181,227
