Strategy,TotalPnL,AvgPnL,WinRate,Sharpe,Sortino,Count
ML Condor,466.24885234966706,3.790641076013553,0.7073170731707317,2.3263544296823926,3.1143768397368703,123
Fixed Delta Condor,234.73000000000056,1.908373983739842,0.8211382113821138,1.6318607354825718,1.8705476887086951,123
Sigma Condor,411.5924999999989,3.346280487804869,0.7642276422764228,2.466608476550034,3.4779546311132616,123
