Strategy,TotalPnL,AvgPnL,WinRate,Sharpe,Sortino,Count
ML Condor,338.31641548859994,2.750539963321951,0.7154471544715447,1.5755737541728767,2.0591969994725905,123
Fixed Delta Condor,192.4000000000005,1.5642276422764267,0.8211382113821138,1.2194954382372962,1.3821740730645733,123
Sigma Condor,344.4399999999989,2.8003252032520236,0.7560975609756098,2.082051542786261,2.8724212373326443,123
