Metric,Value
count,230.0
avg_pnl_per_condor,0.07396581252204437
min_pnl_per_condor,-10.056194967031479
max_pnl_per_condor,6.0249999999999995
win_rate,0.7004405286343612
avg_credit,1.7846016138422744
avg_max_loss,9.711050560070769
avg_return_on_risk,0.008593013592289426
