Metric,Value
count,125.0
avg_pnl_per_condor,3.6607473389222833
min_pnl_per_condor,-56.00954596996307
max_pnl_per_condor,64.35500000000002
win_rate,0.7154471544715447
avg_credit,22.66444853263378
avg_max_loss,52.45555146736621
avg_return_on_risk,0.06703301808908296
