Metric,Value
count,44.0
avg_pnl_per_condor,-0.19840909090909034
min_pnl_per_condor,-5.617500000000001
max_pnl_per_condor,1.765
win_rate,0.6590909090909091
avg_credit,1.0918181818181816
avg_max_loss,6.294545454545454
avg_return_on_risk,-0.034177017341758785
