Metric,Value
count,125.0
avg_pnl_per_condor,2.750539963321951
min_pnl_per_condor,-56.155437498092645
max_pnl_per_condor,63.28000000000001
win_rate,0.7154471544715447
avg_credit,21.492804594528682
avg_max_loss,53.22719540547131
avg_return_on_risk,0.04893994257459798
