Epoch,TrainLoss,ValLoss
1,0.15164920152762,0.1025710180401802
2,0.05539839585813192,0.09220294654369354
3,0.04113213137651865,0.0891430601477623
4,0.034213256855041556,0.08593055605888367
5,0.027367709670215845,0.08850886672735214
6,0.027266661994732343,0.09284662455320358
7,0.020766011224343225,0.09642963111400604
8,0.021930408550617404,0.09655414521694183
9,0.02005398237050917,0.09787550568580627
